3500,浦东浦东新区昌里东路500弄、昌里东路5...,http://jump.zhineng.58.com/clk?target=mv7V0A-b5HThmvqfpv--5yOdUAkhuA-1pyEqnH0QnWbzn1DYnHbknjEdPHbvPW0Qn1E1nHTdFMP_ULEqUA-1IAQ-uMEhuA-1IAYqnHEYrHb1nW91PHbdPiuzuymqpZwY0jCfsLPCsWN3shPfUiqkIywfUhI3pyOQIiqlIyu6Uh0fpWcf5vdGUMKzpyP-5HcknjKxn1Nknau1ULRzmvNqniuvpgPdpyEqnauvpgPdpgTqnHDvsWc1Pa3vPa3zPj0huyOYIZTqnaukmgF6UHYQPHbkrWc_nHTQPWCznjTkg1ndnjThpgP-XZw-UhEquh7_0vNh0AQh5iYQFh-VuybqFMRGujY1njn1PHmLPjTzrj9QnBuWUAVGujYQm1EQrjKhraYvuWczsHEkPADVrjDYuaYdrH9kPHwWuHKBnyNh0A-b5HbhuyOYpyEqnWEzPWTOrH9knjD3PHThuyOYIZTqnauk0h-WuHYzrHch0hRbpgcqpZwY0jCfsLPCsWN3shPfUiqlIyu6Uh0fnWEzPWTOrH9knjD3PHK3sMPCIAd_FhwG0LKf01YQFMPdmh-b5HDOnH0LrH9LFhPzuy7YuyEqnHmdrjn3rjc3PjNQnHTYFMK60h7VpyEqnHTQPBubpgPWmHY3FMP-UAuWmHY3FhwG0vQf5HDYnHDh0vR_uhQf5HDYnHDh0HYQFMK6uvR8IyYqniuBpyEqn19YFMIGUAwWmgFb5HThmgKkuyObpvROIvqzujYkFMF-mv7_UAu_UL0qnau6mMEqNE&version=,价格3500元/月　押一付三　  租房贷价格参考
2900,浦东昌里路167弄,http://jump.zhineng.58.com/clk?target=mv7V0A-b5HThmvqfpv--5yOdUAkhuA-1pyEqnH0QnWbzn1DYnHbknjEdPHbvPW0Qn1E1nHTdFMP_ULEqUA-1IAQ-uMEhuA-1IAYqnHEYrHb1nW91PHbdPiuzuymqpZwY0jCfsLPCsWN3shPfUiqkIywfUhI3pyOQIiqlIyu6Uh0fpWcf5vdGUMKzpyP-5HcknjKxn1Nknau1ULRzmvNqniuvpgPdpyEqnauvpgPdpgTqnHDvsWc1Pa3vPa3zPj0huyOYIZTqnaukmgF6UHYQPHbkrWc_nHTQPWCznjTkg1ndnjThpgP-XZw-UhEquh7_0vNh0AQh5iYQFh-VuybqFMRGujYzrH0drHTdPWNkn19znauWUAVGujdWuWbknvnvridhPH0OsHELnAEVryP6nidbnyEOrH9QPymkP1mh0A-b5HbhuyOYpyEqnWczP1mknjmLnH0kPWNhuyOYIZTqnauk0h-WuHYznHTh0hRbpgcqpZwY0jCfsLPCsWN3shPfUiqlIyu6Uh0fnWczP1mknjmLnH0kPWR3sMPCIAd_FhwG0LKf01YzFMPdmh-b5HDzrjbQn1ckFhPzuy7YuyEqnHEOrjmzPjDLPW0QnHbzFMK60h7VpyEqnHTQPBubpgPWmHY3FMP-UAuWmHY3FhwG0vQf5HDYnHDh0vR_uhQf5HDYnHDh0HYQFMK6uvR8IyYqniuBpyEqnWbQFMIGUAwWmgFb5HThmgKkuyObpvROIvqzujYkFMF-mv7_UAu_UL0qnau6mMEqNE&version=,价格2900元/月　押一付三　  租房贷
3500,浦东上南路1251弄昌里路,http://jump.zhineng.58.com/clk?target=mv7V0A-b5HThmvqfpv--5yOdUAkhuA-1pyEqnH0QnWbzn1DYnHbknjEdPHbvPW0Qn1E1nHTdFMP_ULEqUA-1IAQ-uMEhuA-1IAYqnHEYrHb1nW91PHbdPiuzuymqpZwY0jCfsLPCsWN3shPfUiqkIywfUhI3pyOQIiqlIyu6Uh0fpWcf5vdGUMKzpyP-5HcknjKxn1Nknau1ULRzmvNqniuvpgPdpyEqnauvpgPdpgTqnHDvsWc1Pa3vPa3zPj0huyOYIZTqnaukmgF6UHYQPHbkrWc_nHTQPWCznjTkg1ndnjThpgP-XZw-UhEquh7_0vNh0AQh5iYQFh-VuybqFMRGujYzrH0drHTdPWNkn19znauWUAVGujd-njTduW9kPaYOuj0QsHEkuADVrj-bmzYdnWNzn1N1uym3PvDh0A-b5HbhuyOYpyEqnWn1njbYrjmYnjbQnWnhuyOYIZTqnauk0h-WuHYznjDh0hRbpgcqpZwY0jCfsLPCsWN3shPfUiqlIyu6Uh0fnWn1njbYrjmYnjbQnWP3sMPCIAd_FhwG0LKf01Y1FMPdmh-b5HDdPjnYnj9LFhPzuy7YuyEqnHNLrj01njmkrjE1PW9kFMK60h7VpyEqnHTQPBubpgPWmHY3FMP-UAuWmHY3FhwG0vQf5HDYnHDh0vR_uhQf5HDYnHDh0HYQFMK6uvR8IyYqniuBpyEqnWTOFMIGUAwWmgFb5HThmgKkuyObpvROIvqzujYkFMF-mv7_UAu_UL0qnau6mMEqNE&version=,价格3500元/月　押一付三　  租房贷
3500,绿林路50-52弄、绿林路320弄,http://jump.zhineng.58.com/clk?target=mv7V0A-b5HThmvqfpv--5yOdUAkhuA-1pyEqnH0QnWbzn1DYnHbknjEdPHbvPW0Qn1E1nHTdFMP_ULEqUA-1IAQ-uMEhuA-1IAYqnHEYrHb1nW91PHbdPiuzuymqpZwY0jCfsLPCsWN3shPfUiqkIywfUhI3pyOQIiqlIyu6Uh0fpWcf5vdGUMKzpyP-5HcknjKxn1Nknau1ULRzmvNqniuvpgPdpyEqnauvpgPdpgTqnHDvsWc1Pa3vPa3zPj0huyOYIZTqnaukmgF6UHYQPHbkrWc_nHTQPWCznjTkg1ndnjThpgP-XZw-UhEquh7_0vNh0AQh5iYQFh-VuybqFMRGujY1PH9YPjndPWm3rjmvnzuWUAVGujYLn1u-PjbOuaY1uhcYsHEQnhnVryPWuiYLm1u-n1Ndrj9LuW0h0A-b5HbhuyOYpyEqnWEzrj01n1n3n191rHmhuyOYIZTqnauk0h-WuHYznjTh0hRbpgcqpZwY0jCfsLPCsWN3shPfUiqlIyu6Uh0fnWEzrj01n1n3n191rHu3sMPCIAd_FhwG0LKf01YYFMPdmh-b5HDOnHDzPHD1FhPzuy7YuyEqnHmdP1E1PHDkrHEdnjmYFMK60h7VpyEqnHTQPBubpgPWmHY3FMP-UAuWmHY3FhwG0vQf5HDYnHDh0vR_uhQf5HDYnHDh0HYQFMK6uvR8IyYqniuBpyEqnWTkFMIGUAwWmgFb5HThmgKkuyObpvROIvqzujYkFMF-mv7_UAu_UL0qnau6mMEqNE&version=,价格3500元/月　押一付三　  租房贷
3500,浦东上南路1500弄16支弄、德州路223弄,http://jump.zhineng.58.com/clk?target=mv7V0A-b5HThmvqfpv--5yOdUAkhuA-1pyEqnH0QnWbzn1DYnHbknjEdPHbvPW0Qn1E1nHTdFMP_ULEqUA-1IAQ-uMEhuA-1IAYqnHEYrHb1nW91PHbdPiuzuymqpZwY0jCfsLPCsWN3shPfUiqkIywfUhI3pyOQIiqlIyu6Uh0fpWcf5vdGUMKzpyP-5HcknjKxn1Nknau1ULRzmvNqniuvpgPdpyEqnauvpgPdpgTqnHDvsWc1Pa3vPa3zPj0huyOYIZTqnaukmgF6UHYQPHbkrWc_nHTQPWCznjTkg1ndnjThpgP-XZw-UhEquh7_0vNh0AQh5iYQFh-VuybqFMRGujY1PjcOrHcdPH93PHnznBuWUAVGujYLPjmYP1EdraYzP16WsHwWrjbVmWbYradBn17BuHcdPWcvPAEh0A-b5HbhuyOYpyEqnWEQPHTLPHNYrH9kPjEhuyOYIZTqnauk0h-WuHYznjTh0hRbpgcqpZwY0jCfsLPCsWN3shPfUiqlIyu6Uh0fnWEQPHTLPHNYrH9kPjw3sMPCIAd_FhwG0LKf01YdFMPdmh-b5HD3PHcznWn3FhPzuy7YuyEqnHmYPHbOP1EdPHEzPjT3FMK60h7VpyEqnHTQPBubpgPWmHY3FMP-UAuWmHY3FhwG0vQf5HDYnHDh0vR_uhQf5HDYnHDh0HYQFMK6uvR8IyYqniuBpyEqnWTkFMIGUAwWmgFb5HThmgKkuyObpvROIvqzujYkFMF-mv7_UAu_UL0qnau6mMEqNE&version=,价格3500元/月　押一付三　  租房贷价格参考
3300,罗山路108弄,http://sh.58.com/zufang/24277751653683x.shtml?version=,价格3300元/月　押一付三　  租房贷
2808,新浦路643弄、629弄、543弄、587弄,http://sh.58.com/zufang/24286396534075x.shtml?version=,价格2808元/月　押一付一　  租房贷
3400,柳埠路135弄,http://sh.58.com/zufang/24172734986683x.shtml?version=,价格3400元/月　押一付三　  租房贷价格参考
3400,浦东昌里东路190弄、成山路601弄,http://jing.58.com/adJump?adType=3&target=pZwY0jCfsLPCsWN3shPfUiqlIyu6Uh0fnWEzrHE3rjEznWTOrjK3sMPCIAd_sjDLnHcOnWnQPjDOnjTYPHNOPWmLnHnYn1DkPik1njb1njcknak_FhQfuvIGU-qd0vRzgv-b5HThuA-107qWmgw-5H9huA-107q_UvP6UjYQPjDQFhP_pyR8I7qd0vRzgv-b5iu-UMwGIZ-GujYzPjcOPj93Pjcznjb3naud0vRzpyEqn1DknWNLnjcdP1n1nWDhpyd-pHYhuyOYpgwOIZ-kuHYkFhR8IA-YXRqWmgw-5iu-UMwGIZ-xUAqWmykqFhwG0LKxIA-VuHYQPjEOrHnzrjndrH0kFMKf0v-Ypyq85HDhmvQGmvVGujYkmyEdmvNLrad-myczsHwBPWcVmW6bmiYdmhw6n1TQP1TkmhDh0A7zmyYqnHNOnjCzsjDknHmlnWTkn7t1PHTkFMK_mgwhULFV5iYQFhQG0Lwlujd_pgPYXhEh0A7MuRqYXgK-5HD_nHn&end=end&version=,价格3400元/月　押一付三　  租房贷价格参考
2600,浦东盛夏路1107弄(盛夏路益江路),http://jing.58.com/adJump?adType=3&target=pZwY0jCfsLPCsWN3shPfUiqlIyu6Uh0fnWnOPjcYn1TzrHmLPWK3sMPCIAd_sjDLnHcOnWnQPjDOnjTYPHNOPWmLnHnYn1DkPik1nj9YPWDLnik_FhQfuvIGU-qd0vRzgv-b5HThuA-107qWmgw-5H9huA-107q_UvP6UjYQPjDQFhP_pyR8I7qd0vRzgv-b5iu-UMwGIZ-GujYzn1bYnWE1njcOPW0vnaud0vRzpyEqPHmOrjD1P1N1PHc1rauGUyRG5iu-UMwGIZ-YXgK-5HThuyOYpgwOgvP6IANqFhR8IA-YXRq_UvP6UjYhuA-107qYpyd-5HDYPjbOn1c3n1NOP1Th0Aq1pgwGUv3qnzuWUA-Wpv-b5yczujuWuhEOsH6Wn1bVPjc1Pad6mW9dsyckPjmkP10OPvEzPzukmgF6UHYQPHbkrWc_nHTQPWCznjTkg1ndnjTh0AQ6IAuf0hYqsHDhUA-1IZGb5yQG0LwluaukmyI-gLwO0ANqnikQnk&end=end&version=,价格2600元/月　押一付一　  租房贷价格参考
3000,"浦东永泰路468弄,永泰路258弄",http://jing.58.com/adJump?adType=3&target=pZwY0jCfsLPCsWN3shPfUiqlIyu6Uh0fnWE1njELn1DOn1bLPWw3sMPCIAd_sjDLnHcOnWnQPjDOnjTYPHNOPWmLnHnYn1DkPik1njbQrHczrak_FhQfuvIGU-qd0vRzgv-b5HThuA-107qWmgw-5H9huA-107q_UvP6UjYQPjDQFhP_pyR8I7qd0vRzgv-b5iu-UMwGIZ-GujYzPjnkPj01nHb1rH0vPaud0vRzpyEqn1NLnHEYPjEOn1TdP10hpyd-pHYhuyOYpgwOIZ-kuHYkFhR8IA-YXRqWmgw-5iu-UMwGIZ-xUAqWmykqFhwG0LKxIA-VuHYQPjEOrHnzrjndrH0kFMKf0v-Ypyq85HNhmvQGmvVGujYzPAPBn19dPadhryR6sHEkuhDVrHu-mzYzrHubPAE1PAn3nvmh0A7zmyYqnHNOnjCzsjDknHmlnWTkn7t1PHTkFMK_mgwhULFV5iYQFhQG0Lwlujd_pgPYXhEh0A7MuRqYXgK-5HD_nHn&end=end&version=,价格3000元/月　押一付三　  租房贷价格参考
3500,孙农路398弄,http://jing.58.com/adJump?adType=3&target=pZwY0jCfsLPCsWN3shPfUiqlIyu6Uh0fnWEzP19kPj9LPWT1P1P3sMPCIAd_sjDLnHcOnWnQPjDOnjTYPHNOPWmLnHnYn1DkPik1njb1P1cQnBk_FhQfuvIGU-qd0vRzgv-b5HThuA-107qWmgw-5H9huA-107q_UvP6UjYQPjDQFhP_pyR8I7qd0vRzgv-b5iu-UMwGIZ-GujYzPjcLrjTYrj0vnjnLnzud0vRzpyEqnWcvrj9dn19LrjEknj0hpyd-pHYhuyOYpgwOIZ-kuHYkFhR8IA-YXRqWmgw-5iu-UMwGIZ-xUAqWmykqFhwG0LKxIA-VuHYQPjEOrHnzrjndrH0kFMKf0v-Ypyq85HbhmvQGmvVGujYLnAmQmHFWmBYOPjPWsHEYnHnVryu-nid-PvcQrAP-mymkn19h0A7zmyYqnHNOnjCzsjDknHmlnWTkn7t1PHTkFMK_mgwhULFV5iYQFhQG0Lwlujd_pgPYXhEh0A7MuRqYXgK-5HD_nHn&end=end&version=,价格3500元/月　押一付三　  租房贷
3300,林展路和炯路,http://jing.58.com/adJump?adType=3&target=pZwY0jCfsLPCsWN3shPfUiqlIyu6Uh0fnWEQPjn1nH0QPHnLnHu3sMPCIAd_sjDLnHcOnWnQPjDOnjTYPHNOPWmLnHnYn1DkPik1njbkrjDYPak_FhQfuvIGU-qd0vRzgv-b5HThuA-107qWmgw-5H9huA-107q_UvP6UjYQPjDQFhP_pyR8I7qd0vRzgv-b5iu-UMwGIZ-GujYzPjDYn1nQP1Ddn10QPBud0vRzpyEqn1EQnjEzn1bLrHmzn1Nhpyd-pHYhuyOYpgwOIZ-kuHYkFhR8IA-YXRqWmgw-5iu-UMwGIZ-xUAqWmykqFhwG0LKxIA-VuHYQPjEOrHnzrjndrH0kFMKf0v-Ypyq85HDQFhP_pyPopyEqPAcOPvEQmWDVmHcduBYYnynLsH93uyEVPjEQP1nOnjuhrH6BFMK60h7V5HDdrHTlnBkQnjDvrWcknjKxn1NknaukUA7YuhqzUHYVniu_pgPYXhEqUA-1IZGbFMK6uvRxIZ-kuHYQsjD1&end=end&version=,价格3300元/月　押一付三　  租房贷
2800,浦东创新西路199弄,http://jing.58.com/adJump?adType=3&target=pZwY0jCfsLPCsWN3shPfUiqlIyu6Uh0fnWEzrHEYnWNOnjmQnjI3sMPCIAd_sjDLnHcOnWnQPjDOnjTYPHNOPWmLnHnYn1DkPik1nj9LnHEknak_FhQfuvIGU-qd0vRzgv-b5HThuA-107qWmgw-5H9huA-107q_UvP6UjYQPjDQFhP_pyR8I7qd0vRzgv-b5iu-UMwGIZ-GujYzPjcOPjEzPHbkPWDkPzud0vRzpyEqnHbvnHcOnjbYnj0YrHEhpyd-pHYhuyOYpgwOIZ-kuHYkFhR8IA-YXRqWmgw-5iu-UMwGIZ-xUAqWmykqFhwG0LKxIA-VuHYQPjEOrHnzrjndrH0kFMKf0v-Ypyq85HD1FhP_pyPopyEqm1cOnvmOn1EVP16-riYYrA7-sHbLujbVrjTvPvP6uywBPy7-FMK60h7V5HDdrHTlnBkQnjDvrWcknjKxn1NknaukUA7YuhqzUHYVniu_pgPYXhEqUA-1IZGbFMK6uvRxIZ-kuHYQsjD1&end=end&version=,价格2800元/月　押一付三　  租房贷价格参考
3500,浦东海鸣路98弄,http://jing.58.com/adJump?adType=3&target=pZwY0jCfsLPCsWN3shPfUiqlIyu6Uh0fnWEzrHEYP1NLnj0kPWR3sMPCIAd_sjDLnHcOnWnQPjDOnjTYPHNOPWmLnHnYn1DkPik1nj9LnHNvnik_FhQfuvIGU-qd0vRzgv-b5HThuA-107qWmgw-5H9huA-107q_UvP6UjYQPjDQFhP_pyR8I7qd0vRzgv-b5iu-UMwGIZ-GujYzPjcOPjELPH0kP1TvPiud0vRzpyEqn1ndnjEzrjb3nW0drHnhpyd-pHYhuyOYpgwOIZ-kuHYkFhR8IA-YXRqWmgw-5iu-UMwGIZ-xUAqWmykqFhwG0LKxIA-VuHYQPjEOrHnzrjndrH0kFMKf0v-Ypyq85HDdFhP_pyPopyEqPjT3PH6WPWnVnHTLPiYYuWwhsyFWP1EVnvuWuj9kuW7-PvubFMK60h7V5HDdrHTlnBkQnjDvrWcknjKxn1NknaukUA7YuhqzUHYVniu_pgPYXhEqUA-1IZGbFMK6uvRxIZ-kuHYQsjD1&end=end&version=,价格3500元/月　押一付三　  租房贷价格参考
3000,高斯路986弄,http://jing.58.com/adJump?adType=3&target=pZwY0jCfsLPCsWN3shPfUiqlIyu6Uh0fnWE1njNzrHnOnjbvrjw3sMPCIAd_sjDLnHcOnWnQPjDOnjTYPHNOPWmLnHnYn1DkPik1njbzrj0OnBk_FhQfuvIGU-qd0vRzgv-b5HThuA-107qWmgw-5H9huA-107q_UvP6UjYQPjDQFhP_pyR8I7qd0vRzgv-b5iu-UMwGIZ-GujYzPjnkPHcOn1bkrHm3Paud0vRzpyEqn1NdrH0OnH9kPHmOP10hpyd-pHYhuyOYpgwOIZ-kuHYkFhR8IA-YXRqWmgw-5iu-UMwGIZ-xUAqWmykqFhwG0LKxIA-VuHYQPjEOrHnzrjndrH0kFMKf0v-Ypyq85HDLFhP_pyPopyEqmHF-mhFbPhEVmHmLriYYmvuhsH6hryEVPhFBuAP6nHIWPhn3FMK60h7V5HDdrHTlnBkQnjDvrWcknjKxn1NknaukUA7YuhqzUHYVniu_pgPYXhEqUA-1IZGbFMK6uvRxIZ-kuHYQsjD1&end=end&version=,价格3000元/月　押一付一　  租房贷价格参考
3500,浦东杨高南路4501弄1-139号,http://jing.58.com/adJump?adType=3&target=pZwY0jCfsLPCsWN3shPfUiqlIyu6Uh0fnWE1nj9znHEvPHbvn1-3sMPCIAd_sjDLnHcOnWnQPjDOnjTYPHNOPWmLnHnYn1DkPik1njbYrHNvnak_FhQfuvIGU-qd0vRzgv-b5HThuA-107qWmgw-5H9huA-107q_UvP6UjYQPjDQFhP_pyR8I7qd0vRzgv-b5iu-UMwGIZ-GujYzPjnkrjcQPjmdrHm1riud0vRzpyEqn1NLnjbYP1T1PWnQPHchpyd-pHYhuyOYpgwOIZ-kuHYkFhR8IA-YXRqWmgw-5iu-UMwGIZ-xUAqWmykqFhwG0LKxIA-VuHYQPjEOrHnzrjndrH0kFMKf0v-Ypyq85HDOFhP_pyPopyEqujT3nHNLnjEVrAE1PiYYnWDzsy76n1mVmhu6uAuWujwhPAnkFMK60h7V5HDdrHTlnBkQnjDvrWcknjKxn1NknaukUA7YuhqzUHYVniu_pgPYXhEqUA-1IZGbFMK6uvRxIZ-kuHYQsjD1&end=end&version=,价格3500元/月　押一付三　  租房贷
2000,浦东鹤永路600弄、鹤恒路600弄,http://jing.58.com/adJump?adType=3&target=pZwY0jCfsLPCsWN3shPfUiqlIyu6Uh0fnWcOrjndPWcvnjnkn163sMPCIAd_sjDLnHcOnWnQPjDOnjTYPHNOPWmLnHnYn1DkPik1njbYrjmQnak_FhQfuvIGU-qd0vRzgv-b5HThuA-107qWmgw-5H9huA-107q_UvP6UjYQPjDQFhP_pyR8I7qd0vRzgv-b5iu-UMwGIZ-GujYznWb3n1NvnWmkn1T1raud0vRzpyEqnWckPj0OPW9zPHmzPWnhpyd-pHYhuyOYpgwOIZ-kuHYkFhR8IA-YXRqWmgw-5iu-UMwGIZ-xUAqWmykqFhwG0LKxIA-VuHYQPjEOrHnzrjndrH0kFMKf0v-Ypyq85HcQFhP_pyPopyEqmvcdPHELmWnVPjKhuBYYPjK-syDOuynVP19LuWbQryDdrjFWFMK60h7V5HDdrHTlnBkQnjDvrWcknjKxn1NknaukUA7YuhqzUHYVniu_pgPYXhEqUA-1IZGbFMK6uvRxIZ-kuHYQsjD1&end=end&version=,价格2000元/月　押一付三　  租房贷
2400,浦东华夏二路1255弄,http://jing.58.com/adJump?adType=3&target=pZwY0jCfsLPCsWN3shPfUiqlIyu6Uh0fnWnYnWTdn1E1nHEzP173sMPCIAd_sjDLnHcOnWnQPjDOnjTYPHNOPWmLnHnYn1DkPik1njbzn1TdPak_FhQfuvIGU-qd0vRzgv-b5HThuA-107qWmgw-5H9huA-107q_UvP6UjYQPjDQFhP_pyR8I7qd0vRzgv-b5iu-UMwGIZ-GujYzn1EznjN1PjnQPjcLniud0vRzpyEqnHndP1nOPWcvPHEznHNhpyd-pHYhuyOYpgwOIZ-kuHYkFhR8IA-YXRqWmgw-5iu-UMwGIZ-xUAqWmykqFhwG0LKxIA-VuHYQPjEOrHnzrjndrH0kFMKf0v-Ypyq85Hc1FhP_pyPopyEquWRbnj9dPhDVPjnOPiYYm1RbsH9zn1mVmHcznj0OP1wbnAwbFMK60h7V5HDdrHTlnBkQnjDvrWcknjKxn1NknaukUA7YuhqzUHYVniu_pgPYXhEqUA-1IZGbFMK6uvRxIZ-kuHYQsjD1&end=end&version=,价格2400元/月　押一付三　  租房贷
3500,孙桥路235弄,http://jing.58.com/adJump?adType=3&target=pZwY0jCfsLPCsWN3shPfUiqlIyu6Uh0fnWEzrj9LPjcLnWndnHR3sMPCIAd_sjDLnHcOnWnQPjDOnjTYPHNOPWmLnHnYn1DkPik1njbkPWNdnik_FhQfuvIGU-qd0vRzgv-b5HThuA-107qWmgw-5H9huA-107q_UvP6UjYQPjDQFhP_pyR8I7qd0vRzgv-b5iu-UMwGIZ-GujYzPjc3rj0YnW0zn1NQPiud0vRzpyEqn1TQrjNzrjcQnH0OnjThpyd-pHYhuyOYpgwOIZ-kuHYkFhR8IA-YXRqWmgw-5iu-UMwGIZ-xUAqWmykqFhwG0LKxIA-VuHYQPjEOrHnzrjndrH0kFMKf0v-Ypyq85HcdFhP_pyPopyEqnynLuW6WmHNVP1uhPBYYnvmksH9OrycVrj01PhRWuHmzuj6-FMK60h7V5HDdrHTlnBkQnjDvrWcknjKxn1NknaukUA7YuhqzUHYVniu_pgPYXhEqUA-1IZGbFMK6uvRxIZ-kuHYQsjD1&end=end&version=,价格3500元/月　押一付一　  租房贷
3500,东陆路898弄,http://jing.58.com/adJump?adType=3&target=pZwY0jCfsLPCsWN3shPfUiqlIyu6Uh0fnWEQrHELPWEkP1NLnjK3sMPCIAd_sjDLnHcOnWnQPjDOnjTYPHNOPWmLnHnYn1DkPik1njbQrHDOPBk_FhQfuvIGU-qd0vRzgv-b5HThuA-107qWmgw-5H9huA-107q_UvP6UjYQPjDQFhP_pyR8I7qd0vRzgv-b5iu-UMwGIZ-GujYzPjDOPj0vPjTLPH0knaud0vRzpyEqn1cOnHTQnHDYPH0zrj0hpyd-pHYhuyOYpgwOIZ-kuHYkFhR8IA-YXRqWmgw-5iu-UMwGIZ-xUAqWmykqFhwG0LKxIA-VuHYQPjEOrHnzrjndrH0kFMKf0v-Ypyq85HcLFhP_pyPopyEqm1mOuHwhn1TVn17WPiYYPH--sHbLnyDVnW66Py7-rHn1rjRWFMK60h7V5HDdrHTlnBkQnjDvrWcknjKxn1NknaukUA7YuhqzUHYVniu_pgPYXhEqUA-1IZGbFMK6uvRxIZ-kuHYQsjD1&end=end&version=,价格3500元/月　押一付三　  租房贷价格参考
2900,沈家弄路901弄,http://jing.58.com/adJump?adType=3&target=pZwY0jCfsLPCsWN3shPfUiqlIyu6Uh0fnWEzPHEYrj0krH9kPjK3sMPCIAd_sjDLnHcOnWnQPjDOnjTYPHNOPWmLnHnYn1DkPik1njbdPHTLPBk_FhQfuvIGU-qd0vRzgv-b5HThuA-107qWmgw-5H9huA-107q_UvP6UjYQPjDQFhP_pyR8I7qd0vRzgv-b5iu-UMwGIZ-GujYzPjcdPjE3P1TOrjTYnaud0vRzpyEqn1NLnH0QP1bvPjbzrHNhpyd-pHYhuyOYpgwOIZ-kuHYkFhR8IA-YXRqWmgw-5iu-UMwGIZ-xUAqWmykqFhwG0LKxIA-VuHYQPjEOrHnzrjndrH0kFMKf0v-Ypyq85HcOFhP_pyPopyEquHmLmvcvPW9VmHRBPiYYnHcYsHb1myEVnW91PhPBnvnYuHcvFMK60h7V5HDdrHTlnBkQnjDvrWcknjKxn1NknaukUA7YuhqzUHYVniu_pgPYXhEqUA-1IZGbFMK6uvRxIZ-kuHYQsjD1&end=end&version=,价格2900元/月　押一付三　  租房贷
3500,凌兆新村,http://jing.58.com/adJump?adType=3&target=pZwY0jCfsLPCsWN3shPfUiqlIyu6Uh0fnWEQPjELnjDOPjTvPW73sMPCIAd_sjDLnHcOnWnQPjDOnjTYPHNOPWmLnHnYn1DkPik1njbYrHnYnik_FhQfuvIGU-qd0vRzgv-b5HThuA-107qWmgw-5H9huA-107q_UvP6UjYQPjDQFhP_pyR8I7qd0vRzgv-b5iu-UMwGIZ-GujYzPjDYPj0knHbYnjmvniud0vRzpyEqn1TYPW0drjD1rjT1PHbhpyd-pHYhuyOYpgwOIZ-kuHYkFhR8IA-YXRqWmgw-5iu-UMwGIZ-xUAqWmykqFhwG0LKxIA-VuHYQPjEOrHnzrjndrH0kFMKf0v-Ypyq85HnQFhP_pyPopyEquHTvuHPWuWDVujb3PBYYmWcLsH-6ujNVmWc1PAcOuWDdPvRBFMK60h7V5HDdrHTlnBkQnjDvrWcknjKxn1NknaukUA7YuhqzUHYVniu_pgPYXhEqUA-1IZGbFMK6uvRxIZ-kuHYQsjD1&end=end&version=,价格3500元/月　押一付三　  租房贷价格参考
3200,浦东高行,http://jing.58.com/adJump?adType=3&target=pZwY0jCfsLPCsWN3shPfUiqlIyu6Uh0fnWEQn1bLn10vnHNQPWw3sMPCIAd_sjDLnHcOnWnQPjDOnjTYPHNOPWmLnHnYn1DkPik1njbdnjn3nak_FhQfuvIGU-qd0vRzgv-b5HThuA-107qWmgw-5H9huA-107q_UvP6UjYQPjDQFhP_pyR8I7qd0vRzgv-b5iu-UMwGIZ-GujYzPjD1rH01P1mQPHDvPaud0vRzpyEqn1EvPj9kP19LPHTOrj9hpyd-pHYhuyOYpgwOIZ-kuHYkFhR8IA-YXRqWmgw-5iu-UMwGIZ-xUAqWmykqFhwG0LKxIA-VuHYQPjEOrHnzrjndrH0kFMKf0v-Ypyq85Hn1FhP_pyPopyEquWcdujbYnHDVPjuhPzYYPyPBsHbvuAEVPWDQPWK6nyuBuj9OFMK60h7V5HDdrHTlnBkQnjDvrWcknjKxn1NknaukUA7YuhqzUHYVniu_pgPYXhEqUA-1IZGbFMK6uvRxIZ-kuHYQsjD1&end=end&version=,价格3200元/月　押一付一　  租房贷
3500,浦东灵山路1415弄、灵山路1396弄、灵山路13,http://jing.58.com/adJump?adType=3&target=pZwY0jCfsLPCsWN3shPfUiqlIyu6Uh0fnWEzrjnkPWnvnWDYn1R3sMPCIAd_sjDLnHcOnWnQPjDOnjTYPHNOPWmLnHnYn1DkPik1njb1n1cOPzk_FhQfuvIGU-qd0vRzgv-b5HThuA-107qWmgw-5H9huA-107q_UvP6UjYQPjDQFhP_pyR8I7qd0vRzgv-b5iu-UMwGIZ-GujYzPjc3n1Tvn1mznHE1Piud0vRzpyEqn1ELnHnkn19Ynjcdrjchpyd-pHYhuyOYpgwOIZ-kuHYkFhR8IA-YXRqWmgw-5iu-UMwGIZ-xUAqWmykqFhwG0LKxIA-VuHYQPjEOrHnzrjndrH0kFMKf0v-Ypyq85HndFhP_pyPopyEqPANzrjb1mWmVPADLPBYYryNdsHbOmHDVmhczryEvPH6BmvnOFMK60h7V5HDdrHTlnBkQnjDvrWcknjKxn1NknaukUA7YuhqzUHYVniu_pgPYXhEqUA-1IZGbFMK6uvRxIZ-kuHYQsjD1&end=end&version=,价格3500元/月　押一付一　  租房贷
3500,浦东高桥,http://jing.58.com/adJump?adType=3&target=pZwY0jCfsLPCsWN3shPfUiqlIyu6Uh0fnWEzPHELrHm1PHN1rj73sMPCIAd_sjDLnHcOnWnQPjDOnjTYPHNOPWmLnHnYn1DkPik1njbzP1cQnik_FhQfuvIGU-qd0vRzgv-b5HThuA-107qWmgw-5H9huA-107q_UvP6UjYQPjDQFhP_pyR8I7qd0vRzgv-b5iu-UMwGIZ-GujYzPjcdPj0OPWndPHn3niud0vRzpyEqnW0vnH9krj9znHcLPjchpyd-pHYhuyOYpgwOIZ-kuHYkFhR8IA-YXRqWmgw-5iu-UMwGIZ-xUAqWmykqFhwG0LKxIA-VuHYQPjEOrHnzrjndrH0kFMKf0v-Ypyq85HnLFhP_pyPopyEqnAnOuyNduANVnHu6niYYrynQsyD3nHmVuHEOrHTdnhF-uHK6FMK60h7V5HDdrHTlnBkQnjDvrWcknjKxn1NknaukUA7YuhqzUHYVniu_pgPYXhEqUA-1IZGbFMK6uvRxIZ-kuHYQsjD1&end=end&version=,价格3500元/月　押一付三　  租房贷
3500,林悦路125弄,http://jing.58.com/adJump?adType=3&target=pZwY0jCfsLPCsWN3shPfUiqlIyu6Uh0fnWEznHNvrjbYPHmvrHu3sMPCIAd_sjDLnHcOnWnQPjDOnjTYPHNOPWmLnHnYn1DkPik1njbYnHn1nzk_FhQfuvIGU-qd0vRzgv-b5HThuA-107qWmgw-5H9huA-107q_UvP6UjYQPjDQFhP_pyR8I7qd0vRzgv-b5iu-UMwGIZ-GujYzPjcQPHm3rHEdPWmOPBud0vRzpyEqn1nvP1nzrjbvPWEknjmhpyd-pHYhuyOYpgwOIZ-kuHYkFhR8IA-YXRqWmgw-5iu-UMwGIZ-xUAqWmykqFhwG0LKxIA-VuHYQPjEOrHnzrjndrH0kFMKf0v-Ypyq85HnOFhP_pyPopyEquW9QPW9kmHEVuAu6riYYnHDQsyD1uhEVmvDYm16hrHc1uWubFMK60h7V5HDdrHTlnBkQnjDvrWcknjKxn1NknaukUA7YuhqzUHYVniu_pgPYXhEqUA-1IZGbFMK6uvRxIZ-kuHYQsjD1&end=end&version=,价格3500元/月　押一付三　  租房贷
2600,申江南路7777弄,http://jing.58.com/adJump?adType=3&target=pZwY0jCfsLPCsWN3shPfUiqlIyu6Uh0fnWE1njN3njbOn1cznH73sMPCIAd_sjDLnHcOnWnQPjDOnjTYPHNOPWmLnHnYn1DkPik1njbYnHmvPak_FhQfuvIGU-qd0vRzgv-b5HThuA-107qWmgw-5H9huA-107q_UvP6UjYQPjDQFhP_pyR8I7qd0vRzgv-b5iu-UMwGIZ-GujYzPjnkPH9krHb1nWcQniud0vRzpyEqn1TdnWD3P1bzrHT3rHDhpyd-pHYhuyOYpgwOIZ-kuHYkFhR8IA-YXRqWmgw-5iu-UMwGIZ-xUAqWmykqFhwG0LKxIA-VuHYQPjEOrHnzrjndrH0kFMKf0v-Ypyq85HEQFhP_pyPopyEqn1-hnAFBP1cVnjw-nzYYmH0LsHbQuj9VnHNYrj93ujIbmHbOFMK60h7V5HDdrHTlnBkQnjDvrWcknjKxn1NknaukUA7YuhqzUHYVniu_pgPYXhEqUA-1IZGbFMK6uvRxIZ-kuHYQsjD1&end=end&version=,价格2600元/月　押一付三　  租房贷
2600,张江益江路511弄,http://jing.58.com/adJump?adType=3&target=pZwY0jCfsLPCsWN3shPfUiqlIyu6Uh0fnWn3n1DvPHNQnWTkPHF3sMPCIAd_sjDLnHcOnWnQPjDOnjTYPHNOPWmLnHnYn1DkPik1njb1Pj9zrak_FhQfuvIGU-qd0vRzgv-b5HThuA-107qWmgw-5H9huA-107q_UvP6UjYQPjDQFhP_pyR8I7qd0vRzgv-b5iu-UMwGIZ-GujYzn191nHmdPHDznjTdnBud0vRzpyEqn1cLP1mYrj0kPWEkP1nhpyd-pHYhuyOYpgwOIZ-kuHYkFhR8IA-YXRqWmgw-5iu-UMwGIZ-xUAqWmykqFhwG0LKxIA-VuHYQPjEOrHnzrjndrH0kFMKf0v-Ypyq85HE1FhP_pyPopyEqPHnvrjEdmvDVm1NzPaYYuHEzsyDdrAEVnAELnWnduW76mHKWFMK60h7V5HDdrHTlnBkQnjDvrWcknjKxn1NknaukUA7YuhqzUHYVniu_pgPYXhEqUA-1IZGbFMK6uvRxIZ-kuHYQsjD1&end=end&version=,价格2600元/月　押一付一　  租房贷
3000,翔川路458弄,http://jing.58.com/adJump?adType=3&target=pZwY0jCfsLPCsWN3shPfUiqlIyu6Uh0fnWnOrjEdPjTkPjDknHu3sMPCIAd_sjDLnHcOnWnQPjDOnjTYPHNOPWmLnHnYn1DkPik1njbYPjNvnik_FhQfuvIGU-qd0vRzgv-b5HThuA-107qWmgw-5H9huA-107q_UvP6UjYQPjDQFhP_pyR8I7qd0vRzgv-b5iu-UMwGIZ-GujYzn1b3PjNYnjTYnHTQPBud0vRzpyEqn1T3nWN1PHm3P1cLnHNhpyd-pHYhuyOYpgwOIZ-kuHYkFhR8IA-YXRqWmgw-5iu-UMwGIZ-xUAqWmykqFhwG0LKxIA-VuHYQPjEOrHnzrjndrH0kFMKf0v-Ypyq85HEdFhP_pyPopyEqmHN1mWPbmvEVn1u-raYYmvcdsycdmyDVmHT3mHcOmWFbP1EvFMK60h7V5HDdrHTlnBkQnjDvrWcknjKxn1NknaukUA7YuhqzUHYVniu_pgPYXhEqUA-1IZGbFMK6uvRxIZ-kuHYQsjD1&end=end&version=,价格3000元/月　押一付一　  租房贷
2100,上南路1251弄,http://jing.58.com/adJump?adType=3&target=pZwY0jCfsLPCsWN3shPfUiqlIyu6Uh0fnWEzP1DOrjTdP1EQn1R3sMPCIAd_sjDLnHcOnWnQPjDOnjTYPHNOPWmLnHnYn1DkPik1njbzPj91Pak_FhQfuvIGU-qd0vRzgv-b5HThuA-107qWmgw-5H9huA-107q_UvP6UjYQPjDQFhP_pyR8I7qd0vRzgv-b5iu-UMwGIZ-GujYzPjcLnHb3njNLPjD1Piud0vRzpyEqn1nvnW9dPj0krj91rHNhpyd-pHYhuyOYpgwOIZ-kuHYkFhR8IA-YXRqWmgw-5iu-UMwGIZ-xUAqWmykqFhwG0LKxIA-VuHYQPjEOrHnzrjndrH0kFMKf0v-Ypyq85HELFhP_pyPopyEqPAFWnvcdnvEVmWn1naYYn1uWsH9kPHEVPj-hPWc1PHTYuAu6FMK60h7V5HDdrHTlnBkQnjDvrWcknjKxn1NknaukUA7YuhqzUHYVniu_pgPYXhEqUA-1IZGbFMK6uvRxIZ-kuHYQsjD1&end=end&version=,价格2100元/月　押一付三　  租房贷价格参考
2200,拱海路79号,http://jing.58.com/adJump?adType=3&target=pZwY0jCfsLPCsWN3shPfUiqlIyu6Uh0fnWEzPWnYnHEdrjTvPWK3sMPCIAd_sjDLnHcOnWnQPjDOnjTYPHNOPWmLnHnYn1DkPik1njb1njE1nzk_FhQfuvIGU-qd0vRzgv-b5HThuA-107qWmgw-5H9huA-107q_UvP6UjYQPjDQFhP_pyR8I7qd0vRzgv-b5iu-UMwGIZ-GujYzPjcvn1EQPjN3njmvnaud0vRzpyEqn1T3nW0zrH01PWnYPW0hpyd-pHYhuyOYpgwOIZ-kuHYkFhR8IA-YXRqWmgw-5iu-UMwGIZ-xUAqWmykqFhwG0LKxIA-VuHYQPjEOrHnzrjndrH0kFMKf0v-Ypyq85HEOFhP_pyPopyEqPANOm1R-nhcVuj-WuaYYnvczsyDknhnVm17BnWRWP1RhPA76FMK60h7V5HDdrHTlnBkQnjDvrWcknjKxn1NknaukUA7YuhqzUHYVniu_pgPYXhEqUA-1IZGbFMK6uvRxIZ-kuHYQsjD1&end=end&version=,价格2200元/月　  租房贷
3300,浦东五莲路108弄,http://jing.58.com/adJump?adType=3&target=pZwY0jCfsLPCsWN3shPfUiqlIyu6Uh0fnWE1njNYnH9YPHTOrHI3sMPCIAd_sjDLnHcOnWnQPjDOnjTYPHNOPWmLnHnYn1DkPik1njbYrjNLrik_FhQfuvIGU-qd0vRzgv-b5HThuA-107qWmgw-5H9huA-107q_UvP6UjYQPjDQFhP_pyR8I7qd0vRzgv-b5iu-UMwGIZ-GujYzPjnkPHEQrjEdnjbOPzud0vRzpyEqn1NQPHNQnjEOrjm1P1Ehpyd-pHYhuyOYpgwOIZ-kuHYkFhR8IA-YXRqWmgw-5iu-UMwGIZ-xUAqWmykqFhwG0LKxIA-VuHYQPjEOrHnzrjndrH0kFMKf0v-Ypyq85HNQFhP_pyPopyEqnjEOmyDQPvDVPAmYmiYYPW7hsycvPj9VPHF-uWKhrHmYmvEOFMK60h7V5HDdrHTlnBkQnjDvrWcknjKxn1NknaukUA7YuhqzUHYVniu_pgPYXhEqUA-1IZGbFMK6uvRxIZ-kuHYQsjD1&end=end&version=,价格3300元/月　押一付三　  租房贷价格参考
2100,拱海路79号,http://jing.58.com/adJump?adType=3&target=pZwY0jCfsLPCsWN3shPfUiqlIyu6Uh0fnWE1nj0drjTLPjmOn1R3sMPCIAd_sjDLnHcOnWnQPjDOnjTYPHNOPWmLnHnYn1DkPik1njbYPWmQnBk_FhQfuvIGU-qd0vRzgv-b5HThuA-107qWmgw-5H9huA-107q_UvP6UjYQPjDQFhP_pyR8I7qd0vRzgv-b5iu-UMwGIZ-GujYzPjnkP1N3nj0YPWb1Piud0vRzpyEqn1n3rjDvnHTYPjNdrjThpyd-pHYhuyOYpgwOIZ-kuHYkFhR8IA-YXRqWmgw-5iu-UMwGIZ-xUAqWmykqFhwG0LKxIA-VuHYQPjEOrHnzrjndrH0kFMKf0v-Ypyq85HN1FhP_pyPopyEqrAELuWNdnhEVPAFhuaYYPHczsy7hrjDVrjcdPj01rHELuH7BFMK60h7V5HDdrHTlnBkQnjDvrWcknjKxn1NknaukUA7YuhqzUHYVniu_pgPYXhEqUA-1IZGbFMK6uvRxIZ-kuHYQsjD1&end=end&version=,价格2100元/月　押一付一　  租房贷
3500,杨南路694弄,http://jing.58.com/adJump?adType=3&target=pZwY0jCfsLPCsWN3shPfUiqlIyu6Uh0fnWnOrHTQPjbkP1DdPjw3sMPCIAd_sjDLnHcOnWnQPjDOnjTYPHNOPWmLnHnYn1DkPik1njbdnW0Onak_FhQfuvIGU-qd0vRzgv-b5HThuA-107qWmgw-5H9huA-107q_UvP6UjYQPjDQFhP_pyR8I7qd0vRzgv-b5iu-UMwGIZ-GujYzn1bOnjDYrHTLnHNYPaud0vRzpyEqn1NkrHc1P1T3rjmOnWchpyd-pHYhuyOYpgwOIZ-kuHYkFhR8IA-YXRqWmgw-5iu-UMwGIZ-xUAqWmykqFhwG0LKxIA-VuHYQPjEOrHnzrjndrH0kFMKf0v-Ypyq85HNdFhP_pyPopyEqmH66mHFBmHNVn1bknaYYuHT3syc1PvEVryR-n1TLn1D1uj-bFMK60h7V5HDdrHTlnBkQnjDvrWcknjKxn1NknaukUA7YuhqzUHYVniu_pgPYXhEqUA-1IZGbFMK6uvRxIZ-kuHYQsjD1&end=end&version=,价格3500元/月　押一付三　  租房贷价格参考
3400,世纪大道站,http://jing.58.com/adJump?adType=3&target=pZwY0jCfsLPCsWN3shPfUiqlIyu6Uh0fnWEznH0dPHnYP1c1nj-3sMPCIAd_sjDLnHcOnWnQPjDOnjTYPHNOPWmLnHnYn1DkPik1nj93nWDLrak_FhQfuvIGU-qd0vRzgv-b5HThuA-107qWmgw-5H9huA-107q_UvP6UjYQPjDQFhP_pyR8I7qd0vRzgv-b5iu-UMwGIZ-GujYzPjcQP1Ndn1ELnWnkriud0vRzpyEqnWEQn1bQPHDzP1DQP1Nhpyd-pHYhuyOYpgwOIZ-kuHYkFhR8IA-YXRqWmgw-5iu-UMwGIZ-xUAqWmykqFhwG0LKxIA-VuHYQPjEOrHnzrjndrH0kFMKf0v-Ypyq85HNLFhP_pyPopyEqmyNQmWn3nvNVm1mzmzYYnAw6syDkPjNVn1bvn1u-ryE3P1NQFMK60h7V5HDdrHTlnBkQnjDvrWcknjKxn1NknaukUA7YuhqzUHYVniu_pgPYXhEqUA-1IZGbFMK6uvRxIZ-kuHYQsjD1&end=end&version=,价格3400元/月　押一付三　  租房贷
3000,浦东杨思路1121弄,http://jing.58.com/adJump?adType=3&target=pZwY0jCfsLPCsWN3shPfUiqlIyu6Uh0fnWEzrjnOPHmvPHN3njw3sMPCIAd_sjDLnHcOnWnQPjDOnjTYPHNOPWmLnHnYn1DkPik1njbknHbOPak_FhQfuvIGU-qd0vRzgv-b5HThuA-107qWmgw-5H9huA-107q_UvP6UjYQPjDQFhP_pyR8I7qd0vRzgv-b5iu-UMwGIZ-GujYzPjc3n1bdPWmdPH9kPaud0vRzpyEqn1N1PWEvrHnznWb1nWbhpyd-pHYhuyOYpgwOIZ-kuHYkFhR8IA-YXRqWmgw-5iu-UMwGIZ-xUAqWmykqFhwG0LKxIA-VuHYQPjEOrHnzrjndrH0kFMKf0v-Ypyq85HNOFhP_pyPopyEqrjTOmHNLnvEVmyE1nzYYrj6hsyckrADVuhndnjbvnW7hPWw6FMK60h7V5HDdrHTlnBkQnjDvrWcknjKxn1NknaukUA7YuhqzUHYVniu_pgPYXhEqUA-1IZGbFMK6uvRxIZ-kuHYQsjD1&end=end&version=,价格3000元/月　押一付三　  租房贷
2200,浦东海纳路129弄,http://jing.58.com/adJump?adType=3&target=pZwY0jCfsLPCsWN3shPfUiqlIyu6Uh0fnWE1njNvnWN3PjcLPjP3sMPCIAd_sjDLnHcOnWnQPjDOnjTYPHNOPWmLnHnYn1DkPik1njb1PjnvPik_FhQfuvIGU-qd0vRzgv-b5HThuA-107qWmgw-5H9huA-107q_UvP6UjYQPjDQFhP_pyR8I7qd0vRzgv-b5iu-UMwGIZ-GujYzPjnkPHmzPH9YnW0Ynzud0vRzpyEqn1ndnjEzrjb3nW0drHnhpyd-pHYhuyOYpgwOIZ-kuHYkFhR8IA-YXRqWmgw-5iu-UMwGIZ-xUAqWmykqFhwG0LKxIA-VuHYQPjEOrHnzrjndrH0kFMKf0v-Ypyq85HmQFhP_pyPopyEqrjwWPyNkn1TVmHmLPBYYuj9QsH9YmWNVm1bknvn3mvEzuHEvFMK60h7V5HDdrHTlnBkQnjDvrWcknjKxn1NknaukUA7YuhqzUHYVniu_pgPYXhEqUA-1IZGbFMK6uvRxIZ-kuHYQsjD1&end=end&version=,价格2200元/月　押一付三　  租房贷
3000,紫薇路667弄,http://jing.58.com/adJump?adType=3&target=pZwY0jCfsLPCsWN3shPfUiqlIyu6Uh0fnWE1njN1n1bvPjn1nWF3sMPCIAd_sjDLnHcOnWnQPjDOnjTYPHNOPWmLnHnYn1DkPik1njbzrH03nzk_FhQfuvIGU-qd0vRzgv-b5HThuA-107qWmgw-5H9huA-107q_UvP6UjYQPjDQFhP_pyR8I7qd0vRzgv-b5iu-UMwGIZ-GujYzPjnkPHn1rHmYn1nznBud0vRzpyEqn1NkPWmLnjbvPHmdrjmhpyd-pHYhuyOYpgwOIZ-kuHYkFhR8IA-YXRqWmgw-5iu-UMwGIZ-xUAqWmykqFhwG0LKxIA-VuHYQPjEOrHnzrjndrH0kFMKf0v-Ypyq85Hm1FhP_pyPopyEqn16-mWEdnHTVuHckmzYYrHPBsyc1nAcVmWRBuHFBPhPBmHNQFMK60h7V5HDdrHTlnBkQnjDvrWcknjKxn1NknaukUA7YuhqzUHYVniu_pgPYXhEqUA-1IZGbFMK6uvRxIZ-kuHYQsjD1&end=end&version=,价格3000元/月　押一付一　  租房贷
3500,和龙路295弄和龙路371弄清溪路400弄,http://jing.58.com/adJump?adType=3&target=pZwY0jCfsLPCsWN3shPfUiqlIyu6Uh0fnWEzPWDkP19dnj9krjP3sMPCIAd_sjDLnHcOnWnQPjDOnjTYPHNOPWmLnHnYn1DkPik1nj0QPW9knak_FhQfuvIGU-qd0vRzgv-b5HThuA-107qWmgw-5H9huA-107q_UvP6UjYQPjDQFhP_pyR8I7qd0vRzgv-b5iu-UMwGIZ-GujYzPjcvnHTLrjNkrjT3nzud0vRzpyEqnH0LP10dPjELPW9LP1Nhpyd-pHYhuyOYpgwOIZ-kuHYkFhR8IA-YXRqWmgw-5iu-UMwGIZ-xUAqWmykqFhwG0LKxIA-VuHYQPjEOrHnzrjndrH0kFMKf0v-Ypyq85HmdFhP_pyPopyEqmhE1nycduW9VrHmzraYYrHmLsH9zm1NVrAEknjIbPAF-nAPbFMK60h7V5HDdrHTlnBkQnjDvrWcknjKxn1NknaukUA7YuhqzUHYVniu_pgPYXhEqUA-1IZGbFMK6uvRxIZ-kuHYQsjD1&end=end&version=,价格3500元/月　押一付三　  租房贷价格参考
2200,鹤沙路201弄、鹤沙路226,http://jing.58.com/adJump?adType=3&target=pZwY0jCfsLPCsWN3shPfUiqlIyu6Uh0fnWEzrH0dnWEzrH93njP3sMPCIAd_sjDLnHcOnWnQPjDOnjTYPHNOPWmLnHnYn1DkPik1njbdP1TLnak_FhQfuvIGU-qd0vRzgv-b5HThuA-107qWmgw-5H9huA-107q_UvP6UjYQPjDQFhP_pyR8I7qd0vRzgv-b5iu-UMwGIZ-GujYzPjcOP1NzPjcOrj9knzud0vRzpyEqnW9QnjE3PHn1njcdn1Nhpyd-pHYhuyOYpgwOIZ-kuHYkFhR8IA-YXRqWmgw-5iu-UMwGIZ-xUAqWmykqFhwG0LKxIA-VuHYQPjEOrHnzrjndrH0kFMKf0v-Ypyq85HmLFhP_pyPopyEqPADvPWNzrjbVnWb3uaYYuH9Osy7-uhNVuAEOnjR-rHuWm1bQFMK60h7V5HDdrHTlnBkQnjDvrWcknjKxn1NknaukUA7YuhqzUHYVniu_pgPYXhEqUA-1IZGbFMK6uvRxIZ-kuHYQsjD1&end=end&version=,价格2200元/月　押一付三　  租房贷
2500,浦建路83弄南泉路1320弄南泉路1350弄,http://jing.58.com/adJump?adType=3&target=pZwY0jCfsLPCsWN3shPfUiqlIyu6Uh0fnWEzrHEkrHEvPWmQPWw3sMPCIAd_sjDLnHcOnWnQPjDOnjTYPHNOPWmLnHnYn1DkPik1nj9LrHNOrak_FhQfuvIGU-qd0vRzgv-b5HThuA-107qWmgw-5H9huA-107q_UvP6UjYQPjDQFhP_pyR8I7qd0vRzgv-b5iu-UMwGIZ-GujYzPjcOPjTOPjmvPWDvPaud0vRzpyEqn1EOPHNOrHNdnWmvPWmhpyd-pHYhuyOYpgwOIZ-kuHYkFhR8IA-YXRqWmgw-5iu-UMwGIZ-xUAqWmykqFhwG0LKxIA-VuHYQPjEOrHnzrjndrH0kFMKf0v-Ypyq85HmOFhP_pyPopyEqPhmOuhNLuj0VnW7BriYYuAD3sH-WPjcVrj66P1cQPj-WnvNYFMK60h7V5HDdrHTlnBkQnjDvrWcknjKxn1NknaukUA7YuhqzUHYVniu_pgPYXhEqUA-1IZGbFMK6uvRxIZ-kuHYQsjD1&end=end&version=,价格2500元/月　押一付一　  租房贷
3500,杨思路860弄,http://jing.58.com/adJump?adType=3&target=pZwY0jCfsLPCsWN3shPfUiqlIyu6Uh0fnWE1nj03nWDYP1nznjI3sMPCIAd_sjDLnHcOnWnQPjDOnjTYPHNOPWmLnHnYn1DkPik1njbYP19Ynzk_FhQfuvIGU-qd0vRzgv-b5HThuA-107qWmgw-5H9huA-107q_UvP6UjYQPjDQFhP_pyR8I7qd0vRzgv-b5iu-UMwGIZ-GujYzPjnkP19znHELn1ckPzud0vRzpyEqn1NLnjbYP1T1PWnQPHchpyd-pHYhuyOYpgwOIZ-kuHYkFhR8IA-YXRqWmgw-5iu-UMwGIZ-xUAqWmykqFhwG0LKxIA-VuHYQPjEOrHnzrjndrH0kFMKf0v-Ypyq85H0QFhP_pyPopyEqnWc3myP6njDVnHDdraYYuW6BsH9zmhEVnAR6mvFhuH0LrjbkFMK60h7V5HDdrHTlnBkQnjDvrWcknjKxn1NknaukUA7YuhqzUHYVniu_pgPYXhEqUA-1IZGbFMK6uvRxIZ-kuHYQsjD1&end=end&version=,价格3500元/月　押一付三　  租房贷价格参考
3500,浦东博兴路465弄、博兴路465弄2支弄,http://jing.58.com/adJump?adType=3&target=pZwY0jCfsLPCsWN3shPfUiqlIyu6Uh0fnWnLnjcknW9kPH9dPjI3sMPCIAd_sjDLnHcOnWnQPjDOnjTYPHNOPWmLnHnYn1DkPik1nj93rjbvnBk_FhQfuvIGU-qd0vRzgv-b5HThuA-107qWmgw-5H9huA-107q_UvP6UjYQPjDQFhP_pyR8I7qd0vRzgv-b5iu-UMwGIZ-GujYzn10knWTzrjTdrjNYPzud0vRzpyEqn1D3PW9OPHTdPjD3n1mhpyd-pHYhuyOYpgwOIZ-kuHYkFhR8IA-YXRqWmgw-5iu-UMwGIZ-xUAqWmykqFhwG0LKxIA-VuHYQPjEOrHnzrjndrH0kFMKf0v-Ypyq85H01FhP_pyPopyEqPWRBn1TkmWnVnjDkuiYYrju6sH6-nANVPyDLrH93nyuWPAN3FMK60h7V5HDdrHTlnBkQnjDvrWcknjKxn1NknaukUA7YuhqzUHYVniu_pgPYXhEqUA-1IZGbFMK6uvRxIZ-kuHYQsjD1&end=end&version=,价格3500元/月　押一付三　  租房贷价格参考
3500,顾唐路3281弄,http://jing.58.com/adJump?adType=3&target=pZwY0jCfsLPCsWN3shPfUiqlIyu6Uh0fnWEzP19kPHcYnWmQPWP3sMPCIAd_sjDLnHcOnWnQPjDOnjTYPHNOPWmLnHnYn1DkPik1njb1P1ckPik_FhQfuvIGU-qd0vRzgv-b5HThuA-107qWmgw-5H9huA-107q_UvP6UjYQPjDQFhP_pyR8I7qd0vRzgv-b5iu-UMwGIZ-GujYzPjcLrjTdnWEzPWDvnzud0vRzpyEqnWcvrj9dn19LrjEknj0hpyd-pHYhuyOYpgwOIZ-kuHYkFhR8IA-YXRqWmgw-5iu-UMwGIZ-xUAqWmykqFhwG0LKxIA-VuHYQPjEOrHnzrjndrH0kFMKf0v-Ypyq85H0dFhP_pyPopyEqPvDvmWnOPjTVPvmLPiYYmvmQsycdrH0VP1mdny7-nW9QPju6FMK60h7V5HDdrHTlnBkQnjDvrWcknjKxn1NknaukUA7YuhqzUHYVniu_pgPYXhEqUA-1IZGbFMK6uvRxIZ-kuHYQsjD1&end=end&version=,价格3500元/月　押一付三　  租房贷
3200,凌兆路、上浦路,http://jing.58.com/adJump?adType=3&target=pZwY0jCfsLPCsWN3shPfUiqlIyu6Uh0fnWE1njTkn1Tzn1cdnj63sMPCIAd_sjDLnHcOnWnQPjDOnjTYPHNOPWmLnHnYn1DkPik1njbdnWD3rak_FhQfuvIGU-qd0vRzgv-b5HThuA-107qWmgw-5H9huA-107q_UvP6UjYQPjDQFhP_pyR8I7qd0vRzgv-b5iu-UMwGIZ-GujYzPjnknjT1njc1nWNkraud0vRzpyEqn1D3nWcdP1nznWNLn1Ehpyd-pHYhuyOYpgwOIZ-kuHYkFhR8IA-YXRqWmgw-5iu-UMwGIZ-xUAqWmykqFhwG0LKxIA-VuHYQPjEOrHnzrjndrH0kFMKf0v-Ypyq85H0LFhP_pyPopyEqrj6hnvcdPWcVrAEOuiYYnAnLsH9zPyEVnWELnjPWPy7bPhn3FMK60h7V5HDdrHTlnBkQnjDvrWcknjKxn1NknaukUA7YuhqzUHYVniu_pgPYXhEqUA-1IZGbFMK6uvRxIZ-kuHYQsjD1&end=end&version=,价格3200元/月　押一付三　  租房贷
2300,鹤永路751弄,http://jing.58.com/adJump?adType=3&target=pZwY0jCfsLPCsWN3shPfUiqlIyu6Uh0fnWEzrj9OPHE1rj9vPWK3sMPCIAd_sjDLnHcOnWnQPjDOnjTYPHNOPWmLnHnYn1DkPik1nj9drj03Pak_FhQfuvIGU-qd0vRzgv-b5HThuA-107qWmgw-5H9huA-107q_UvP6UjYQPjDQFhP_pyR8I7qd0vRzgv-b5iu-UMwGIZ-GujYzPjc3rjbdPjn3rjmvnaud0vRzpyEqn1DLn1bvn10QP1TYPjDhpyd-pHYhuyOYpgwOIZ-kuHYkFhR8IA-YXRqWmgw-5iu-UMwGIZ-xUAqWmykqFhwG0LKxIA-VuHYQPjEOrHnzrjndrH0kFMKf0v-Ypyq85H0OFhP_pyPopyEqmHF6uj9znWEVnjDYmiYYnHTYsHb1uHnVnWTLm19QPWm3PWnkFMK60h7V5HDdrHTlnBkQnjDvrWcknjKxn1NknaukUA7YuhqzUHYVniu_pgPYXhEqUA-1IZGbFMK6uvRxIZ-kuHYQsjD1&end=end&version=,价格2300元/月　押一付三　  租房贷
2900,浦东上浦路336弄1-54号,http://jing.58.com/adJump?adType=3&target=pZwY0jCfsLPCsWN3shPfUiqlIyu6Uh0fnWEznHDznjTvn10LPHF3sMPCIAd_sjDLnHcOnWnQPjDOnjTYPHNOPWmLnHnYn1DkPik1njb1rHDQnBk_FhQfuvIGU-qd0vRzgv-b5HThuA-107qWmgw-5H9huA-107q_UvP6UjYQPjDQFhP_pyR8I7qd0vRzgv-b5iu-UMwGIZ-GujYzPjcQnHcknjm1P10dnBud0vRzpyEqn1NvrjN3njmznWD3Pj0hpyd-pHYhuyOYpgwOIZ-kuHYkFhR8IA-YXRqWmgw-5iu-UMwGIZ-xUAqWmykqFhwG0LKxIA-VuHYQPjEOrHnzrjndrH0kFMKf0v-Ypyq85H9QFhP_pyPopyEqmHuhrAmYnH9VuANvmBYYrjcvsH91PvDVnjFhmHmLmHDOryDkFMK60h7V5HDdrHTlnBkQnjDvrWcknjKxn1NknaukUA7YuhqzUHYVniu_pgPYXhEqUA-1IZGbFMK6uvRxIZ-kuHYQsjD1&end=end&version=,价格2900元/月　押一付三　  租房贷
3500,浦东博山东路459弄、440弄,http://sh.58.com/zufang/24250944029239x.shtml?version=,价格3500元/月　押二付一　  租房贷
3200,蓝村路60弄、蓝村路30弄,http://sh.58.com/zufang/24106602277944x.shtml?version=,价格3200元/月　押一付一　  租房贷
3500,胶东路855弄,http://sh.58.com/zufang/24230978604857x.shtml?version=,价格3500元/月　  租房贷
3200,浦东浦东新区昌里东路500弄、昌里东路5...,http://sh.58.com/zufang/24200218935859x.shtml?version=,价格3200元/月　押一付三　  租房贷
3500,浦东金桥,http://sh.58.com/zufang/24232252439603x.shtml?version=,价格3500元/月　  租房贷
3500,洪山路121弄,http://sh.58.com/zufang/24028892843196x.shtml?version=,价格3500元/月　押一付三　  租房贷价格参考
3500,浦东成山路558弄、成山路608弄,http://sh.58.com/zufang/24217551676731x.shtml?version=,价格3500元/月　押一付三　  租房贷价格参考
3000,浦东东明路355弄,http://sh.58.com/zufang/24210007062199x.shtml?version=,价格3000元/月　押一付二　  租房贷
3300,杨思路1121弄,http://sh.58.com/zufang/24133117277497x.shtml?version=,价格3300元/月　押一付三　  租房贷价格参考
3200,浦东长清路643弄、长清路693弄、长清路807弄,http://sh.58.com/zufang/24101140725173x.shtml?version=,价格3200元/月　押一付三　  租房贷价格参考
3500,上南路3880弄,http://sh.58.com/zufang/24256286885940x.shtml?version=,价格3500元/月　押一付三　  租房贷价格参考
3200,蓝村路502弄,http://sh.58.com/zufang/23996073116725x.shtml?version=,价格3200元/月　押一付三　  租房贷价格参考
3200,凌兆新村,http://sh.58.com/zufang/24289122789179x.shtml?version=,价格3200元/月　押一付三　  租房贷价格参考
3000,耀华路87弄,http://sh.58.com/zufang/24178210695091x.shtml?version=,价格3000元/月　押一付二　  租房贷价格参考
3000,浦东云台路529弄1-15号,http://sh.58.com/zufang/24128692306356x.shtml?version=,价格3000元/月　押一付二　  租房贷
2200,浦东西营路33弄6支弄22支弄,http://sh.58.com/zufang/24311008404019x.shtml?version=,价格2200元/月　押一付三　  租房贷价格参考
3400,浦东世博滨江,http://sh.58.com/zufang/24272764030136x.shtml?version=,价格3400元/月　押一付三　  租房贷价格参考
3400,长岛路800弄,http://sh.58.com/zufang/24232311895221x.shtml?version=,价格3400元/月　  租房贷
3300,板泉路1201弄,http://sh.58.com/zufang/24232612509748x.shtml?version=,价格3300元/月　押一付三　  租房贷
3000,浦东耀华路331弄,http://sh.58.com/zufang/24209992993847x.shtml?version=,价格3000元/月　押一付二　  租房贷价格参考
3500,林展路267弄,http://sh.58.com/zufang/24220622530746x.shtml?version=,价格3500元/月　押一付三　  租房贷
3000,昌里路340弄,http://sh.58.com/zufang/24160693494708x.shtml?version=,价格3000元/月　  租房贷
3200,浦东昌里路167弄,http://sh.58.com/zufang/24206247984952x.shtml?version=,价格3200元/月　押一付三　  租房贷
3300,荷泽路287弄,http://sh.58.com/zufang/24232297941559x.shtml?version=,价格3300元/月　  租房贷
2300,城南路356弄1～13号,http://jump.zhineng.58.com/clk?target=mv7V0A-b5HThmvqfpv--5yOdUAkhuA-1pyEqnH9LnWDOnWDLnHbknjEvnW0kP1D1Pjc1rH9dFMP_ULEqUA-1IAQ-uMEhuA-1IAYqnHEYrHb1P1bLrjEOniuzuymqpZwY0jCfsLPCsWN3shPfUiqkIywfUhI3pyOQIiqlIyu6Uh0fpWcf5vdGUMKzpyP-5HcknjKxn1Nknau1ULRzmvNqniuvpgPdpyEqnauvpgPdpgTqnHDvsWc1Pa3vPa3zPj0huyOYIZTqnaukmgF6UHYQPHbkrWc_nHTQPWCznjTkg1ndnjThpgP-XZw-UhEquh7_0vNh0AQh5iYQFh-VuybqFMRGujY1PHN3PHmYnj0kPHNdnBuWUAVGujYOP1TLnWbYnBd-PHP6sHEzPWTVrADknzY3myc1PyEYmy7hrjbh0A-b5HbhuyOYpyEqnWEzPjNLrHTQnjmYnW9huyOYIZTqnauk0h-WuHYLrj9h0hRbpgcqpZwY0jCfsLPCsWN3shPfUiqlIyu6Uh0fnWEzPjNLrHTQnjmYnW63sMPCIAd_FhwG0LKf01YQFMPdmh-b5HD3rHEQrHm1FhPzuy7YuyEqnHmdn1b3PjDQPHE3rHEYFMK60h7VpyEqnHTQPBubpgPWmHY3FMP-UAuWmHY3FhwG0vQf5HDYnHDh0vR_uhQf5HDYnHDh0HYQFMK6uvR8IyYqniuBpyEqrHTkFMIGUAwWmgFb5HThmgKkuyObpvROIvqzujYkFMF-mv7_UAu_UL0qnau6mMEqNE&version=,价格2300元/月　押一付三　  租房贷
